epoch,acc,loss,val_acc,val_loss
0,0.33975854089619995,0.7197079928282809,0.6771547888755749,0.69414125893356
