epoch,acc,loss,val_acc,val_loss
0,0.7488825774190493,0.5187341750090911,0.7434712916624693,0.43635651495184735
